date,COMEX Inventory: Silver (oz)
2023-02-05T16:00:00.000Z,291851053.346
2023-02-06T16:00:00.000Z,291851053.346
2023-02-07T16:00:00.000Z,291967975.7
2023-02-08T16:00:00.000Z,291573835.227
2023-02-09T16:00:00.000Z,291212194.637
2023-02-12T16:00:00.000Z,291144806.7
2023-02-13T16:00:00.000Z,290143027.7
2023-02-14T16:00:00.000Z,288465045.9
2023-02-15T16:00:00.000Z,288171630.4
2023-02-16T16:00:00.000Z,288864698.86
2023-02-20T16:00:00.000Z,288611428.412
2023-02-21T16:00:00.000Z,288458106.953
2023-02-22T16:00:00.000Z,287959774.373
2023-02-23T16:00:00.000Z,288392042.255
2023-02-26T16:00:00.000Z,288994393.716
2023-02-27T16:00:00.000Z,287247067.618
2023-02-28T16:00:00.000Z,287233291.618
2023-03-01T16:00:00.000Z,287547183.848
2023-03-02T16:00:00.000Z,286950138
2023-03-05T16:00:00.000Z,286902836
2023-03-06T16:00:00.000Z,285730779
2023-03-07T16:00:00.000Z,285712165
2023-03-08T16:00:00.000Z,285696384
2023-03-09T16:00:00.000Z,285282921.299
2023-03-12T16:00:00.000Z,285235686.255
2023-03-13T16:00:00.000Z,285189685.255
2023-03-14T16:00:00.000Z,285005848.745
2023-03-15T16:00:00.000Z,284105628.695
2023-03-16T16:00:00.000Z,283704708.124
2023-03-19T16:00:00.000Z,283529857.264
2023-03-20T16:00:00.000Z,282423851.819
2023-03-21T16:00:00.000Z,283024750.699
2023-03-22T16:00:00.000Z,282387159.064
2023-03-23T16:00:00.000Z,282052466.531
2023-03-26T16:00:00.000Z,281551285.471
2023-03-27T16:00:00.000Z,280489545.753
2023-03-28T16:00:00.000Z,279942414.127
2023-03-29T16:00:00.000Z,279086270.226
2023-03-30T16:00:00.000Z,278264212.776
2023-04-02T16:00:00.000Z,277624448.772
2023-04-04T16:00:00.000Z,276742307.546
2023-04-05T16:00:00.000Z,275170051.778
2023-04-09T16:00:00.000Z,274534492.675
2023-04-10T16:00:00.000Z,274037850.545
2023-04-11T16:00:00.000Z,275563404.771
2023-04-12T16:00:00.000Z,274401674.902
2023-04-13T16:00:00.000Z,274401674.902
2023-04-16T16:00:00.000Z,273854301.46
2023-04-17T16:00:00.000Z,273179651.46
2023-04-18T16:00:00.000Z,273704666.655
2023-04-19T16:00:00.000Z,273640039.736
2023-04-20T16:00:00.000Z,273767003.383
2023-04-23T16:00:00.000Z,271604990.312
2023-04-24T16:00:00.000Z,272434506.736
2023-04-25T16:00:00.000Z,271816458.651
2023-04-26T16:00:00.000Z,271314082.922
2023-04-27T16:00:00.000Z,270974351
2023-05-02T16:00:00.000Z,269687252.88
2023-05-03T16:00:00.000Z,269022346.432
2023-05-04T16:00:00.000Z,269484488
2023-05-07T16:00:00.000Z,270537956
2023-05-08T16:00:00.000Z,271242959
2023-05-09T16:00:00.000Z,271022912
2023-05-10T16:00:00.000Z,270403833
2023-05-11T16:00:00.000Z,270359264.548
2023-05-14T16:00:00.000Z,271107129.098
2023-05-15T16:00:00.000Z,271480716.897
2023-05-16T16:00:00.000Z,271911678.217
2023-05-17T16:00:00.000Z,274121004.636
2023-05-18T16:00:00.000Z,274195396.537
2023-05-21T16:00:00.000Z,274397440.715
2023-05-22T16:00:00.000Z,272502091.938
2023-05-23T16:00:00.000Z,272161113.718
2023-05-24T16:00:00.000Z,271605908.596
2023-05-25T16:00:00.000Z,272143749.796
2023-05-29T16:00:00.000Z,273670805.063
2023-05-30T16:00:00.000Z,274068221.733
2023-05-31T16:00:00.000Z,272737376.5
2023-06-01T16:00:00.000Z,273370214.841
2023-06-04T16:00:00.000Z,272773647.117
2023-06-05T16:00:00.000Z,272820698.519
2023-06-06T16:00:00.000Z,272501253.595
2023-06-07T16:00:00.000Z,271772471.035
2023-06-08T16:00:00.000Z,273073153.545
2023-06-11T16:00:00.000Z,273527778.285
2023-06-12T16:00:00.000Z,273353393.06
2023-06-13T16:00:00.000Z,272375665.697
2023-06-14T16:00:00.000Z,271773364.447
2023-06-15T16:00:00.000Z,272135162.688
2023-06-19T16:00:00.000Z,271379302.764
2023-06-20T16:00:00.000Z,270674142.903
2023-06-21T16:00:00.000Z,267526263.298
2023-06-22T16:00:00.000Z,267923018.962
2023-06-25T16:00:00.000Z,267502213.74
2023-06-26T16:00:00.000Z,268291828.751
2023-06-27T16:00:00.000Z,270712952.941
2023-06-28T16:00:00.000Z,273714049.044
2023-06-29T16:00:00.000Z,276512739.628
2023-07-02T16:00:00.000Z,277828013.677
2023-07-04T16:00:00.000Z,278335655.091
2023-07-05T16:00:00.000Z,279029407.002
2023-07-06T16:00:00.000Z,278403056
2023-07-09T16:00:00.000Z,278403055
2023-07-10T16:00:00.000Z,277238208
2023-07-11T16:00:00.000Z,277839593
2023-07-12T16:00:00.000Z,277015364
2023-07-13T16:00:00.000Z,278856801.944
2023-07-16T16:00:00.000Z,276656528.394
2023-07-17T16:00:00.000Z,276936966.442
2023-07-18T16:00:00.000Z,278075567.852
2023-07-19T16:00:00.000Z,276118097.812
2023-07-20T16:00:00.000Z,276718837.19
2023-07-23T16:00:00.000Z,276632202.579
2023-07-24T16:00:00.000Z,277172168.422
2023-07-25T16:00:00.000Z,278578512.015
2023-07-26T16:00:00.000Z,278572283.795
2023-07-27T16:00:00.000Z,278535124.218
2023-07-30T16:00:00.000Z,281695583.765
2023-07-31T16:00:00.000Z,281695583.905
2023-08-01T16:00:00.000Z,281652382.263
2023-08-02T16:00:00.000Z,281645132.213
2023-08-03T16:00:00.000Z,281947434.983
2023-08-06T16:00:00.000Z,281324641.298
2023-08-07T16:00:00.000Z,281399303.746
2023-08-08T16:00:00.000Z,281306895.753
2023-08-09T16:00:00.000Z,281172965.644
2023-08-10T16:00:00.000Z,280597951.591
2023-08-13T16:00:00.000Z,279586561.903
2023-08-14T16:00:00.000Z,279192298.816
2023-08-15T16:00:00.000Z,279167598.148
2023-08-16T16:00:00.000Z,279707153.093
2023-08-17T16:00:00.000Z,279697142.563
2023-08-20T16:00:00.000Z,278573477.612
2023-08-21T16:00:00.000Z,277508966.227
2023-08-22T16:00:00.000Z,277505946.047
2023-08-23T16:00:00.000Z,276522305.093
2023-08-24T16:00:00.000Z,276160748.758
2023-08-27T16:00:00.000Z,277252521.258
2023-08-28T16:00:00.000Z,278214466.485
2023-08-29T16:00:00.000Z,277604717.815
2023-08-30T16:00:00.000Z,277734013.779
2023-08-31T16:00:00.000Z,278305801.058
2023-09-05T16:00:00.000Z,277795430.919
2023-09-06T16:00:00.000Z,277683202.559
2023-09-07T16:00:00.000Z,276173599
2023-09-10T16:00:00.000Z,274955413
2023-09-11T16:00:00.000Z,274232486
2023-09-12T16:00:00.000Z,274209375
2023-09-13T16:00:00.000Z,273630906
2023-09-14T16:00:00.000Z,272781852.721
2023-09-17T16:00:00.000Z,272385150.951
2023-09-18T16:00:00.000Z,274048446.229
2023-09-19T16:00:00.000Z,274079401.1
2023-09-20T16:00:00.000Z,272537024.973
2023-09-21T16:00:00.000Z,273628767.449
2023-09-24T16:00:00.000Z,271191090.143
2023-09-25T16:00:00.000Z,270652835.805
2023-09-26T16:00:00.000Z,271258229.271
2023-09-27T16:00:00.000Z,270646361.281
2023-09-28T16:00:00.000Z,270342958
2023-10-01T16:00:00.000Z,270331872
2023-10-02T16:00:00.000Z,272139957
2023-10-03T16:00:00.000Z,272755091
2023-10-04T16:00:00.000Z,273225717
2023-10-05T16:00:00.000Z,273555135.619
2023-10-08T16:00:00.000Z,272760642.284
2023-10-09T16:00:00.000Z,273080333.24
2023-10-10T16:00:00.000Z,272952773.316
2023-10-11T16:00:00.000Z,272905955.163
2023-10-12T16:00:00.000Z,272905955.163
2023-10-15T16:00:00.000Z,271927642.14
2023-10-16T16:00:00.000Z,271951119.024
2023-10-17T16:00:00.000Z,271094526.814
2023-10-18T16:00:00.000Z,271665506.517
2023-10-19T16:00:00.000Z,271677364.417
2023-10-22T16:00:00.000Z,269932196.517
2023-10-23T16:00:00.000Z,270485685.753
2023-10-24T16:00:00.000Z,270485685.753
2023-10-25T16:00:00.000Z,269904501.146
2023-10-26T16:00:00.000Z,269997026.589
2023-10-29T16:00:00.000Z,269114445.289
2023-10-30T16:00:00.000Z,267930202.144
2023-10-31T16:00:00.000Z,267869811.584
2023-11-01T16:00:00.000Z,267503847.955
2023-11-02T16:00:00.000Z,267288411.297
2023-11-05T16:00:00.000Z,267012258.167
2023-11-06T16:00:00.000Z,267526070.637
2023-11-07T16:00:00.000Z,267431366.381
2023-11-08T16:00:00.000Z,266665540.77
2023-11-09T16:00:00.000Z,265986567.61
2023-11-12T16:00:00.000Z,265926651.727
2023-11-13T16:00:00.000Z,266525584.527
2023-11-14T16:00:00.000Z,266560660.252
2023-11-15T16:00:00.000Z,266519979.344
2023-11-16T16:00:00.000Z,267119404
2023-11-19T16:00:00.000Z,267209543
2023-11-20T16:00:00.000Z,268128842
2023-11-21T16:00:00.000Z,269042279
2023-11-23T16:00:00.000Z,267615181
2023-11-26T16:00:00.000Z,267514933.438
2023-11-27T16:00:00.000Z,266314792.421
2023-11-28T16:00:00.000Z,266325973.589
2023-11-29T16:00:00.000Z,266191026.064
2023-11-30T16:00:00.000Z,267080266.314
2023-12-03T16:00:00.000Z,266777848.821
2023-12-04T16:00:00.000Z,266704734.452
2023-12-05T16:00:00.000Z,266703660.052
2023-12-06T16:00:00.000Z,266939623.962
2023-12-07T16:00:00.000Z,267542837.112
2023-12-10T16:00:00.000Z,267536696.888
2023-12-11T16:00:00.000Z,268629905.368
2023-12-12T16:00:00.000Z,267905003.938
2023-12-13T16:00:00.000Z,268519184.838
2023-12-14T16:00:00.000Z,269695300.089
2023-12-17T16:00:00.000Z,270200633.149
2023-12-18T16:00:00.000Z,272017496.638
2023-12-19T16:00:00.000Z,274629022.591
2023-12-20T16:00:00.000Z,274022533.24
2023-12-21T16:00:00.000Z,274929606.36
2023-12-25T16:00:00.000Z,275551576.949
2023-12-26T16:00:00.000Z,275543411.529
2023-12-27T16:00:00.000Z,276802248.569
2024-01-01T16:00:00.000Z,278453448.2
2024-01-02T16:00:00.000Z,279959145.613
2024-01-03T16:00:00.000Z,280532487.113
2024-01-07T16:00:00.000Z,281312685.154
2024-01-08T16:00:00.000Z,280763291.147
2024-01-09T16:00:00.000Z,280677782.755
2024-01-10T16:00:00.000Z,281083455.345
2024-01-15T16:00:00.000Z,280977622.035
2024-01-21T16:00:00.000Z,278315556.179
2024-01-22T16:00:00.000Z,277720659.401
2024-01-23T16:00:00.000Z,276785450.26
2024-01-24T16:00:00.000Z,277263577.702
2024-01-28T16:00:00.000Z,276195484.392
2024-01-29T16:00:00.000Z,274984093.532
2024-01-30T16:00:00.000Z,275229902.428
2024-01-31T16:00:00.000Z,274931846.328
2024-02-04T16:00:00.000Z,275529879.598
2024-02-05T16:00:00.000Z,275529879.598
2024-02-06T16:00:00.000Z,274633616.408
2024-02-19T16:00:00.000Z,280137592.549
2024-02-20T16:00:00.000Z,280137592.549
2024-02-21T16:00:00.000Z,280180205.749
2024-02-25T16:00:00.000Z,281852699.789
2024-02-26T16:00:00.000Z,281819276.589
2024-02-27T16:00:00.000Z,282075990.338
2024-02-28T16:00:00.000Z,282126372.592
2024-03-03T16:00:00.000Z,282596558.956
2024-03-04T16:00:00.000Z,283169582.086
2024-03-05T16:00:00.000Z,283780237.012
2024-03-06T16:00:00.000Z,284271256.518
2024-03-10T16:00:00.000Z,285012963.898
2024-03-11T16:00:00.000Z,286486356.941
2024-03-12T16:00:00.000Z,286486356.941
2024-03-13T16:00:00.000Z,286483671.341
2024-03-17T16:00:00.000Z,284361501.611
2024-03-18T16:00:00.000Z,285110702.114
2024-03-19T16:00:00.000Z,285110702.114
2024-03-20T16:00:00.000Z,285053215.084
2024-03-24T16:00:00.000Z,285041435.931
2024-03-25T16:00:00.000Z,287162849.712
2024-03-26T16:00:00.000Z,287737486.212
2024-03-27T16:00:00.000Z,287737486.212
2024-03-31T16:00:00.000Z,287735505
2024-04-01T16:00:00.000Z,288012492
2024-04-07T16:00:00.000Z,289497581.628
2024-04-08T16:00:00.000Z,290072735.555
2024-04-09T16:00:00.000Z,289976531.923
2024-04-10T16:00:00.000Z,290933230.753
2024-04-11T16:00:00.000Z,291756301.633
2024-04-14T16:00:00.000Z,291091131.203
2024-04-15T16:00:00.000Z,291028911.306
2024-04-16T16:00:00.000Z,292055309.272
2024-04-17T16:00:00.000Z,292054317.904
2024-04-18T16:00:00.000Z,291378682.294
2024-04-21T16:00:00.000Z,292418962.085
2024-04-22T16:00:00.000Z,292775286.548
2024-04-23T16:00:00.000Z,293974192.668
2024-04-24T16:00:00.000Z,295107644.228
2024-04-25T16:00:00.000Z,294016758.483
2024-04-28T16:00:00.000Z,293268087.273
2024-04-29T16:00:00.000Z,294609176.944
2024-04-30T16:00:00.000Z,294970526.313
2024-05-01T16:00:00.000Z,295188108.793
2024-05-02T16:00:00.000Z,295648750.643
2024-05-05T16:00:00.000Z,295644697.213
2024-05-06T16:00:00.000Z,295771511.257
2024-05-07T16:00:00.000Z,296978241.634
2024-05-08T16:00:00.000Z,297785256.553
2024-05-12T16:00:00.000Z,297248363.832
2024-05-13T16:00:00.000Z,297850419.988
2024-05-14T16:00:00.000Z,297838742.798
2024-05-15T16:00:00.000Z,297817375.018
2024-05-19T16:00:00.000Z,298385803.722
2024-05-20T16:00:00.000Z,297668225.452
2024-05-21T16:00:00.000Z,297746622.612
2024-05-22T16:00:00.000Z,298818739.852
2024-05-27T16:00:00.000Z,299048019.332
2024-05-28T16:00:00.000Z,298467693.557
2024-05-29T16:00:00.000Z,297910474.619
2024-06-02T16:00:00.000Z,298751525
2024-06-03T16:00:00.000Z,298167588
2024-06-04T16:00:00.000Z,297285958
2024-06-05T16:00:00.000Z,296208505
2024-06-09T16:00:00.000Z,295371479.891
2024-06-10T16:00:00.000Z,296591178.654
2024-06-11T16:00:00.000Z,297190787.216
2024-06-12T16:00:00.000Z,297190787.216
2024-06-16T16:00:00.000Z,296314401.396
2024-06-17T16:00:00.000Z,296338273.186
2024-06-19T16:00:00.000Z,296823997.787
2024-06-23T16:00:00.000Z,297415121.971
2024-06-24T16:00:00.000Z,297198853.252
2024-06-25T16:00:00.000Z,296265408.027
2024-06-26T16:00:00.000Z,296895770.907
2024-06-30T16:00:00.000Z,297662608.441
2024-07-01T16:00:00.000Z,298178519.308
2024-07-02T16:00:00.000Z,297312451.817
2024-07-07T16:00:00.000Z,299096093.381
2024-07-08T16:00:00.000Z,298501546.906
2024-07-09T16:00:00.000Z,298496400.506
2024-07-10T16:00:00.000Z,297503942.895
2024-07-14T16:00:00.000Z,303110570.344
2024-07-15T16:00:00.000Z,303103730.944
2024-07-16T16:00:00.000Z,301830553.728
2024-07-17T16:00:00.000Z,301920302.191
2024-07-21T16:00:00.000Z,302525985.484
2024-07-22T16:00:00.000Z,301909829.519
2024-07-23T16:00:00.000Z,303107749.669
2024-07-24T16:00:00.000Z,303163411.78
2024-07-28T16:00:00.000Z,302212835.173
2024-07-29T16:00:00.000Z,302208915.653
2024-07-30T16:00:00.000Z,302738615.153
2024-07-31T16:00:00.000Z,302143790.732
2024-08-04T16:00:00.000Z,303804634
2024-08-05T16:00:00.000Z,303109363
2024-08-06T16:00:00.000Z,303106485
2024-08-07T16:00:00.000Z,303018188
2024-08-11T16:00:00.000Z,303339890.825
2024-08-12T16:00:00.000Z,303374109.568
2024-08-13T16:00:00.000Z,304307136.935
2024-08-14T16:00:00.000Z,305147484.023
2024-08-18T16:00:00.000Z,307813341.081
2024-08-19T16:00:00.000Z,306738676.956
2024-08-20T16:00:00.000Z,306508530.906
2024-08-21T16:00:00.000Z,306332475.338
2024-08-25T16:00:00.000Z,307311723.502
2024-08-26T16:00:00.000Z,307092506.002
2024-08-27T16:00:00.000Z,306512021.765
2024-08-28T16:00:00.000Z,306512021.765
2024-09-02T16:00:00.000Z,306331329.104
2024-09-03T16:00:00.000Z,306222525.055
2024-09-05T16:00:00.000Z,306016555.034
2024-09-08T16:00:00.000Z,306575184.097
2024-09-09T16:00:00.000Z,306892066.546
2024-09-10T16:00:00.000Z,297503942.895
2024-09-11T16:00:00.000Z,306156599.269
2024-09-12T16:00:00.000Z,306139847.67
2024-09-15T16:00:00.000Z,305926963.412
2024-09-16T16:00:00.000Z,306483428.872
2024-09-17T16:00:00.000Z,305964264.094
2024-09-18T16:00:00.000Z,305883763.614
2024-09-19T16:00:00.000Z,304377677.173
2024-09-22T16:00:00.000Z,304985118.573
2024-09-23T16:00:00.000Z,304946581.595
2024-09-24T16:00:00.000Z,305338078.214
2024-09-25T16:00:00.000Z,304698547.304
2024-09-26T16:00:00.000Z,304502028.604
2024-09-29T16:00:00.000Z,304129647.753
2024-09-30T16:00:00.000Z,305053659.22
2024-10-01T16:00:00.000Z,305053659.22
2024-10-02T16:00:00.000Z,305498901.506
2024-10-03T16:00:00.000Z,306593585.338
2024-10-06T16:00:00.000Z,305873003.888
2024-10-07T16:00:00.000Z,306932500.408
2024-10-08T16:00:00.000Z,306932500.408
2024-10-09T16:00:00.000Z,306023246.126
2024-10-10T16:00:00.000Z,306014216.744
2024-10-13T16:00:00.000Z,305367638.744
2024-10-14T16:00:00.000Z,305955281.686
2024-10-15T16:00:00.000Z,306126468.235
2024-10-16T16:00:00.000Z,305299899.104
2024-10-17T16:00:00.000Z,306501438.44
2024-10-20T16:00:00.000Z,306501438.444
2024-10-21T16:00:00.000Z,307197993.624
2024-10-22T16:00:00.000Z,307197993.624
2024-10-23T16:00:00.000Z,307798018.133
2024-10-24T16:00:00.000Z,307413672.075
2024-10-27T16:00:00.000Z,307489948.721
2024-10-28T16:00:00.000Z,308066623
2024-10-29T16:00:00.000Z,307997653.374
2024-10-30T16:00:00.000Z,308598724.8
2024-10-31T16:00:00.000Z,308581879.815
2024-11-03T16:00:00.000Z,308516677.125
2024-11-04T16:00:00.000Z,309117116.451
2024-11-05T16:00:00.000Z,310913278.681
2024-11-06T16:00:00.000Z,311809209.181
2024-11-07T16:00:00.000Z,312280313.284
2024-11-10T16:00:00.000Z,312094671.754
2024-11-11T16:00:00.000Z,312688146.754
2024-11-12T16:00:00.000Z,311292388.301
2024-11-13T16:00:00.000Z,311321820.361
2024-11-14T16:00:00.000Z,310038933.809
2024-11-17T16:00:00.000Z,308821172.369
2024-11-18T16:00:00.000Z,309988384.224
2024-11-19T16:00:00.000Z,309389661.044
2024-11-20T16:00:00.000Z,308188894.504
2024-11-21T16:00:00.000Z,307548172.934
2024-11-24T16:00:00.000Z,307548498.534
2024-11-25T16:00:00.000Z,307859774.434
2024-11-26T16:00:00.000Z,307976038.864
2024-11-28T16:00:00.000Z,307976038.866
2024-12-01T16:00:00.000Z,307975038.866
2024-12-02T16:00:00.000Z,306719643.866
2024-12-03T16:00:00.000Z,306541101.146
2024-12-04T16:00:00.000Z,306557563.236
2024-12-05T16:00:00.000Z,306673678.646
2024-12-08T16:00:00.000Z,307043260.626
2024-12-09T16:00:00.000Z,307615537.73
2024-12-10T16:00:00.000Z,307822396.786
2024-12-11T16:00:00.000Z,307818021.726
2024-12-12T16:00:00.000Z,308339728.128
2024-12-15T16:00:00.000Z,307725181.828
2024-12-16T16:00:00.000Z,310025361.003
2024-12-17T16:00:00.000Z,310617575.843
2024-12-18T16:00:00.000Z,312399397.643
2024-12-19T16:00:00.000Z,313574753.804
2024-12-22T16:00:00.000Z,313338391.26
2024-12-23T16:00:00.000Z,314826651.565
2024-12-25T16:00:00.000Z,316160047.073
2024-12-26T16:00:00.000Z,316032889.533
2024-12-29T16:00:00.000Z,317295570.099
2024-12-30T16:00:00.000Z,318618615.389
2025-01-01T16:00:00.000Z,318895696.689
2025-01-02T16:00:00.000Z,319008137.244
2025-01-05T16:00:00.000Z,317707343.304
2025-01-06T16:00:00.000Z,320047901.581
2025-01-07T16:00:00.000Z,322563937.261
2025-01-08T16:00:00.000Z,322899932.771
2025-01-09T16:00:00.000Z,311321820.361
2025-01-12T16:00:00.000Z,324534495.406
2025-01-13T16:00:00.000Z,327590207.476
2025-01-14T16:00:00.000Z,328799981.061
2025-01-15T16:00:00.000Z,329401580.851
2025-01-16T16:00:00.000Z,330737131.791
2025-01-20T16:00:00.000Z,334317521.211
2025-01-21T16:00:00.000Z,339669290.77
2025-01-22T16:00:00.000Z,341915195.76
2025-01-23T16:00:00.000Z,346838403.909
2025-02-03T16:00:00.000Z,358607236.532
2025-02-04T16:00:00.000Z,359361996.469
2025-02-05T16:00:00.000Z,360757873.753
2025-02-06T16:00:00.000Z,363395822.803
2025-02-09T16:00:00.000Z,366853463.892
2025-02-10T16:00:00.000Z,369868494.901
2025-02-11T16:00:00.000Z,372304628.238
2025-02-12T16:00:00.000Z,375843952.708
2025-02-13T16:00:00.000Z,377888762.108
2025-02-17T16:00:00.000Z,380076402.888
2025-02-18T16:00:00.000Z,385279799.249
2025-02-19T16:00:00.000Z,388090703.629
2025-02-20T16:00:00.000Z,389671800
2025-02-23T16:00:00.000Z,392367232
2025-02-24T16:00:00.000Z,395318792
2025-02-25T16:00:00.000Z,398194980.823
2025-02-26T16:00:00.000Z,403215529.324
2025-02-27T16:00:00.000Z,408605233.176
2025-03-02T16:00:00.000Z,408808069.166
2025-03-03T16:00:00.000Z,413769558.376
2025-03-04T16:00:00.000Z,416815620.356
2025-03-05T16:00:00.000Z,420277607.188
2025-03-06T16:00:00.000Z,424898463.828
2025-03-09T16:00:00.000Z,430278156.121
2025-03-10T16:00:00.000Z,433759118.482
2025-03-11T16:00:00.000Z,436429635.825
2025-03-12T16:00:00.000Z,440821472.433
2025-03-13T16:00:00.000Z,443699079.742
2025-03-16T16:00:00.000Z,445423183.756
2025-03-17T16:00:00.000Z,448907223.236
2025-03-18T16:00:00.000Z,453064259.743
2025-03-19T16:00:00.000Z,456485855.525
2025-03-20T16:00:00.000Z,458086852.265
2025-03-23T16:00:00.000Z,458086852.265
2025-03-24T16:00:00.000Z,463534218.839
2025-03-25T16:00:00.000Z,467152506.349
2025-03-26T16:00:00.000Z,468447289.046
2025-03-27T16:00:00.000Z,472420049.898
2025-03-30T16:00:00.000Z,475357558.514
2025-03-31T16:00:00.000Z,478458427.237
2025-04-01T16:00:00.000Z,482570131.677
2025-04-02T16:00:00.000Z,484931212.642
2025-04-03T16:00:00.000Z,490077011.03
2025-04-06T16:00:00.000Z,492042422.609
2025-04-07T16:00:00.000Z,492994215.323
2025-04-08T16:00:00.000Z,494816468.263
2025-04-09T16:00:00.000Z,496236157.563
2025-04-10T16:00:00.000Z,497475493.919
2025-04-13T16:00:00.000Z,498195378.349
2025-04-14T16:00:00.000Z,498846933.679
2025-04-15T16:00:00.000Z,498568813.879
2025-04-16T16:00:00.000Z,499103540.549
2025-04-20T16:00:00.000Z,497894783.959
2025-04-21T16:00:00.000Z,496698255.129
2025-04-22T16:00:00.000Z,496891265.979
2025-04-23T16:00:00.000Z,497740659.234
2025-04-24T16:00:00.000Z,497908242.074
2025-04-27T16:00:00.000Z,482570131.677
2025-04-28T16:00:00.000Z,499098408.986
2025-04-29T16:00:00.000Z,500876246
2025-04-30T16:00:00.000Z,500128187
2025-05-01T16:00:00.000Z,498978452
2025-05-04T16:00:00.000Z,500643973.689
2025-05-05T16:00:00.000Z,501316989.584
2025-05-06T16:00:00.000Z,501468792.454
2025-05-07T16:00:00.000Z,502800099.464
2025-05-08T16:00:00.000Z,503581349.751
2025-05-11T16:00:00.000Z,504719463.151
2025-05-12T16:00:00.000Z,503481115.353
2025-05-13T16:00:00.000Z,502874367.653
2025-05-14T16:00:00.000Z,501750232.277
2025-05-15T16:00:00.000Z,502163774.647
2025-05-18T16:00:00.000Z,501490039.529
2025-05-19T16:00:00.000Z,501069087.569
2025-05-20T16:00:00.000Z,500598192.623
2025-05-21T16:00:00.000Z,498504308.14
2025-05-22T16:00:00.000Z,496694918.59
2025-05-26T16:00:00.000Z,497302780.67
2025-05-27T16:00:00.000Z,498373207.58
2025-05-28T16:00:00.000Z,498127853.719
2025-05-29T16:00:00.000Z,496007980.417
2025-06-01T16:00:00.000Z,495395011.877
2025-06-02T16:00:00.000Z,495085218.717
2025-06-03T16:00:00.000Z,495973596.588
2025-06-04T16:00:00.000Z,495544188.192
2025-06-05T16:00:00.000Z,494719941.213
2025-06-08T16:00:00.000Z,494318784.433
2025-06-09T16:00:00.000Z,495180452.553
2025-06-10T16:00:00.000Z,497946180.375
2025-06-11T16:00:00.000Z,498200468.249
2025-06-12T16:00:00.000Z,498460011.089
2025-06-15T16:00:00.000Z,497510533.676
2025-06-16T16:00:00.000Z,496583123.536
2025-06-17T16:00:00.000Z,495735090.486
2025-06-19T16:00:00.000Z,495467103.736
2025-06-22T16:00:00.000Z,498389686.335
2025-06-23T16:00:00.000Z,498310492.985
2025-06-24T16:00:00.000Z,500322370.685
2025-06-25T16:00:00.000Z,500020582.415
2025-06-26T16:00:00.000Z,499090358
2025-06-29T16:00:00.000Z,499694751.529
2025-06-30T16:00:00.000Z,501210189
2025-07-01T16:00:00.000Z,500183447
2025-07-02T16:00:00.000Z,499281077
2025-07-06T16:00:00.000Z,498306324
2025-07-07T16:00:00.000Z,497932946
2025-07-08T16:00:00.000Z,497289105
2025-07-09T16:00:00.000Z,495535994
2025-07-10T16:00:00.000Z,494919654.456
2025-07-13T16:00:00.000Z,496623405.716
2025-07-14T16:00:00.000Z,496635873.846
2025-07-15T16:00:00.000Z,497181967.227
2025-07-16T16:00:00.000Z,496688540.884
2025-07-17T16:00:00.000Z,497243944.854
2025-07-20T16:00:00.000Z,497645562.964
2025-07-21T16:00:00.000Z,497984759.25
2025-07-22T16:00:00.000Z,498207098.701
2025-07-23T16:00:00.000Z,497804173.901
2025-07-24T16:00:00.000Z,500320749.281
2025-07-27T16:00:00.000Z,501696630.731
2025-07-28T16:00:00.000Z,502296559.3
2025-07-29T16:00:00.000Z,504338309.03
2025-07-30T16:00:00.000Z,505219644.3
2025-07-31T16:00:00.000Z,506661551.4
2025-08-03T16:00:00.000Z,506602108.72
2025-08-04T16:00:00.000Z,506311741.34
2025-08-05T16:00:00.000Z,505984115.14
2025-08-06T16:00:00.000Z,506121920.43
2025-08-07T16:00:00.000Z,506492427.12
2025-08-10T16:00:00.000Z,506441781
2025-08-11T16:00:00.000Z,507041876.2
2025-08-12T16:00:00.000Z,507041876.2
2025-08-13T16:00:00.000Z,507014610.35
2025-08-14T16:00:00.000Z,507551253.56
2025-08-17T16:00:00.000Z,507551253.56
2025-08-18T16:00:00.000Z,508151485.75
2025-08-19T16:00:00.000Z,508499192.8
2025-08-20T16:00:00.000Z,508499192.8
2025-08-21T16:00:00.000Z,508486929.84
2025-08-24T16:00:00.000Z,508783339
2025-08-25T16:00:00.000Z,508778300.5
2025-08-26T16:00:00.000Z,511505128.6
2025-08-27T16:00:00.000Z,517194775.5
2025-08-28T16:00:00.000Z,518232360
2025-09-01T16:00:00.000Z,518232360
2025-09-02T16:00:00.000Z,516067724
2025-09-03T16:00:00.000Z,517413485
2025-09-04T16:00:00.000Z,518368232.05
2025-09-07T16:00:00.000Z,518898317.13
2025-09-08T16:00:00.000Z,520707138.6
2025-09-09T16:00:00.000Z,523128735.8
2025-09-10T16:00:00.000Z,524513403.97
2025-09-11T16:00:00.000Z,527423229.515
2025-09-14T16:00:00.000Z,527647670.755
2025-09-15T16:00:00.000Z,524632440.793
2025-09-16T16:00:00.000Z,525327118.383
2025-09-17T16:00:00.000Z,524086477.169
2025-09-18T16:00:00.000Z,524043283.4
2025-09-21T16:00:00.000Z,524378224.2
2025-09-22T16:00:00.000Z,526748211.1
2025-09-23T16:00:00.000Z,527155088.9
2025-09-24T16:00:00.000Z,529927972.5
2025-09-25T16:00:00.000Z,530344533.327
2025-09-28T16:00:00.000Z,531484395.172
2025-10-07T16:00:00.000Z,528182975.6
2025-10-08T16:00:00.000Z,526124328
2025-10-09T16:00:00.000Z,522463797.4
2025-10-12T16:00:00.000Z,520192344
2025-10-13T16:00:00.000Z,515632550.5
2025-10-14T16:00:00.000Z,512711524.5
2025-10-15T16:00:00.000Z,512163353.7
2025-10-16T16:00:00.000Z,509459321.4
2025-10-19T16:00:00.000Z,506467618.3
2025-10-20T16:00:00.000Z,503832524.1
2025-10-21T16:00:00.000Z,501026991.5
2025-10-22T16:00:00.000Z,497981062.3
2025-10-23T16:00:00.000Z,496946988.8
2025-10-26T16:00:00.000Z,492557282.3
2025-10-27T16:00:00.000Z,488062654.1
2025-10-28T16:00:00.000Z,485587272.5
2025-10-29T16:00:00.000Z,483133331.095
2025-10-30T16:00:00.000Z,482438704.67
2025-11-02T16:00:00.000Z,482340175.827
2025-11-03T16:00:00.000Z,482363812.621
2025-11-04T16:00:00.000Z,481457973.888
2025-11-05T16:00:00.000Z,481468064.794
2025-11-06T16:00:00.000Z,480115942
2025-11-09T16:00:00.000Z,479104695
2025-11-10T16:00:00.000Z,478558059
2025-11-11T16:00:00.000Z,478191872
2025-11-12T16:00:00.000Z,476315803
2025-11-13T16:00:00.000Z,475670225
2025-11-16T16:00:00.000Z,469535451.778
2025-11-17T16:00:00.000Z,465535121.457
2025-11-18T16:00:00.000Z,462530022.638
2025-11-19T16:00:00.000Z,462530022.638
2025-11-20T16:00:00.000Z,460702562.041
2025-11-23T16:00:00.000Z,460710193.772
2025-11-24T16:00:00.000Z,459237330.823
2025-11-25T16:00:00.000Z,458086706.673
2025-11-27T16:00:00.000Z,456772055.743
2025-11-30T16:00:00.000Z,455994528.415
2025-12-01T16:00:00.000Z,455933737.275
2025-12-02T16:00:00.000Z,456721882.138
2025-12-03T16:00:00.000Z,457220650.798
2025-12-04T16:00:00.000Z,457070639.768
2025-12-07T16:00:00.000Z,456143021.628
2025-12-08T16:00:00.000Z,455821771.032
2025-12-09T16:00:00.000Z,456415175.632
2025-12-10T16:00:00.000Z,455817117.442
2025-12-11T16:00:00.000Z,453359774.032
2025-12-14T16:00:00.000Z,454560376.412
2025-12-15T16:00:00.000Z,453846137.452
2025-12-16T16:00:00.000Z,452950782.922
2025-12-17T16:00:00.000Z,453176216.832
2025-12-18T16:00:00.000Z,453726894.982
2025-12-21T16:00:00.000Z,450643486.232
2025-12-22T16:00:00.000Z,450880065.397
2025-12-23T16:00:00.000Z,451352685.607
2025-12-25T16:00:00.000Z,449727729.515
2025-12-28T16:00:00.000Z,449127595.785
2025-12-29T16:00:00.000Z,448830610.639
2025-12-30T16:00:00.000Z,449425810.439
2026-01-01T16:00:00.000Z,449773368
2026-01-04T16:00:00.000Z,449521787.808
2026-01-05T16:00:00.000Z,449211255.448
2026-01-06T16:00:00.000Z,445737395.417
2026-01-07T16:00:00.000Z,442479413.876
2026-01-08T16:00:00.000Z,439740503.176
2026-01-11T16:00:00.000Z,437485322.007
2026-01-12T16:00:00.000Z,435671453.097
2026-01-13T16:00:00.000Z,434360442.9
2026-01-14T16:00:00.000Z,433382110.4
2026-01-15T16:00:00.000Z,429156441.133
2026-01-19T16:00:00.000Z,426476498.598
2026-01-20T16:00:00.000Z,422313658.304
2026-01-21T16:00:00.000Z,418161703.664
2026-01-22T16:00:00.000Z,416424863.242
2026-01-25T16:00:00.000Z,415241837.019
2026-01-26T16:00:00.000Z,415146296.799
2026-01-27T16:00:00.000Z,411684635.012
2026-01-28T16:00:00.000Z,408253339.693
2026-01-29T16:00:00.000Z,405886806.74
2026-02-01T16:00:00.000Z,405697594.392
2026-02-02T16:00:00.000Z,403857527.832
2026-02-03T16:00:00.000Z,400790910.536
2026-02-04T16:00:00.000Z,398009483.081
2026-02-05T16:00:00.000Z,394511408.29
2026-02-08T16:00:00.000Z,390466006.483
2026-02-09T16:00:00.000Z,386273024.925
2026-02-10T16:00:00.000Z,381568803.255
2026-02-11T16:00:00.000Z,379233006.375